1200430302918660096,beingdalit87,"RT @JhaSanjay: She cursed slain martyr Hemant Karkare. 
BJP is quiet. 

She called Pandit Nehru a criminal. 
BJP is quiet.

She calls #Gand‚Ä¶",-0.13333333333333333
1200430335286099968,iamamity007,"RT @JaiveerShergill: If you compare #BJP rising fortunes of being highest recipient of corporate donations touching ‚Çπ 1000 crores , ‚Çπ1100 c‚Ä¶",0.25
1200430345205628928,joshivikrant75,"OMG! Nawab bhai, what a lovely company Sena has now, M sure there is not a single NCP leader without a police case‚Ä¶ https://t.co/W99XLdT2eP",0.3452380952380953
1200430363857678337,RUPRAMPARIHAAR1,"RT @JaiveerShergill: If you compare #BJP rising fortunes of being highest recipient of corporate donations touching ‚Çπ 1000 crores , ‚Çπ1100 c‚Ä¶",0.25
1200430407046647808,narangashok50,"Wow!! What a statement by BJPIG?
You must be proud to hv your friends to openly appreciate the murdere of Mahatma G‚Ä¶ https://t.co/ZdQYRxJyah",0.3
1200430409110048774,Jai9840,"RT @JhaSanjay: She cursed slain martyr Hemant Karkare. 
BJP is quiet. 

She called Pandit Nehru a criminal. 
BJP is quiet.

She calls #Gand‚Ä¶",-0.13333333333333333
1200430422770929670,JaisonPhilip14,"RT @JhaSanjay: She cursed slain martyr Hemant Karkare. 
BJP is quiet. 

She called Pandit Nehru a criminal. 
BJP is quiet.

She calls #Gand‚Ä¶",-0.13333333333333333
1200430531277553664,AnanyaMeraki,"RT @JhaSanjay: She cursed slain martyr Hemant Karkare. 
BJP is quiet. 

She called Pandit Nehru a criminal. 
BJP is quiet.

She calls #Gand‚Ä¶",-0.13333333333333333
1200430622969401344,KudupudiShankar,#savemetrodavemumbai this govt is punishing the people of Mumbai for supporting #BJP,0.25
1200430626685349889,BJPBalochistan,"RT @vanitajain21: #NCPDrama
@AjitPawarSpeaks goes missing again. üòÅüòÅ
Search is on !
#NCP in for another High tension drama. 

#JustAsking 
W‚Ä¶",-0.020000000000000004
1200430701000085505,KiritiKiriti1,RT @kaushalmanda: When BJP high command invited me to join in #BJP i felt so hounoured &amp; grateful and said yes because  modi ji's incredibl‚Ä¶,0.16
1200430844822900736,CaptAKJ,"Rmmbr ""Osama jee""? That was from a veteran.
Having bn punished, #PragyaThakur wl learn. Tell us what did Congress d‚Ä¶ https://t.co/BjPSOoZfCi",0.0
1200430968022040577,a09ea2180ded422,"This #Maharashtra government of three political parties is a ....
#Throuple  !",0.0
1200430974250545155,abhasjain,"RT @JhaSanjay: She cursed slain martyr Hemant Karkare. 
BJP is quiet. 

She called Pandit Nehru a criminal. 
BJP is quiet.

She calls #Gand‚Ä¶",-0.13333333333333333
1200460877557727232,akshay_kate243,"<a href=""http://twitter.com/download/android"" rel=""nofollow"">Twitter for Android</a>",en
1200465447931523078,Yatendr76304127,"<a href=""http://twitter.com/download/android"" rel=""nofollow"">Twitter for Android</a>",en
1200465470056366081,AdysDady,"<a href=""http://twitter.com/download/android"" rel=""nofollow"">Twitter for Android</a>",en
1200465498908938240,AdityaAD,"<a href=""http://twitter.com/download/android"" rel=""nofollow"">Twitter for Android</a>",en
1200465675728211968,vishal_svt,"<a href=""http://twitter.com/download/android"" rel=""nofollow"">Twitter for Android</a>",en
1200465710683570176,AzadParindeJSR,"<a href=""http://twitter.com/download/android"" rel=""nofollow"">Twitter for Android</a>",en
1200465715628630016,i_theindian,"<a href=""http://twitter.com/download/android"" rel=""nofollow"">Twitter for Android</a>",en
1200465938958565376,rswapnil3,"<a href=""http://twitter.com/download/android"" rel=""nofollow"">Twitter for Android</a>",en
1200466116448964609,Gambhir32209163,"<a href=""http://twitter.com/download/android"" rel=""nofollow"">Twitter for Android</a>",en
1200466175433396224,ShivRajMathur1,"<a href=""http://twitter.com/download/android"" rel=""nofollow"">Twitter for Android</a>",en
1200466254466879488,m_shaikh86,"<a href=""http://twitter.com/download/iphone"" rel=""nofollow"">Twitter for iPhone</a>",en
1200466706100998144,varshasaini1998,"<a href=""http://twitter.com/download/iphone"" rel=""nofollow"">Twitter for iPhone</a>",en
1200466768323436544,harshra57474714,"<a href=""http://twitter.com/download/android"" rel=""nofollow"">Twitter for Android</a>",en
1200466862322135044,Onlyesskay,"<a href=""https://mobile.twitter.com"" rel=""nofollow"">Twitter Web App</a>",en
1200466893787684864,afzaalahmadans9,"<a href=""http://twitter.com/download/android"" rel=""nofollow"">Twitter for Android</a>",en
1200466908467752960,OmkarJagannath,"<a href=""http://twitter.com/download/android"" rel=""nofollow"">Twitter for Android</a>",en
1200466988457291777,Sec396397,"<a href=""http://twitter.com/download/android"" rel=""nofollow"">Twitter for Android</a>",en
1200467101862920193,BhimSinghINC,"<a href=""http://twitter.com/download/android"" rel=""nofollow"">Twitter for Android</a>",en
1200467128710828032,GatuPatel10,"<a href=""http://twitter.com/download/android"" rel=""nofollow"">Twitter for Android</a>",en
1200467350148927488,shekhzaheer44,"<a href=""http://twitter.com/download/android"" rel=""nofollow"">Twitter for Android</a>",en
1200467432021692416,MangoPe77236204,"<a href=""http://twitter.com/download/android"" rel=""nofollow"">Twitter for Android</a>",en
1200467443086319616,c0mman,"<a href=""https://mobile.twitter.com"" rel=""nofollow"">Twitter Web App</a>",en
1200467459448418305,RajaniKdr,"<a href=""http://twitter.com/download/iphone"" rel=""nofollow"">Twitter for iPhone</a>",en
1200467493686431744,dhasgk,"<a href=""https://mobile.twitter.com"" rel=""nofollow"">Twitter Web App</a>",en
1200467616378183681,iammsk,"<a href=""http://twitter.com/download/android"" rel=""nofollow"">Twitter for Android</a>",en
1200467621356793856,Ramsewak,"<a href=""https://mobile.twitter.com"" rel=""nofollow"">Twitter Web App</a>",en
1200467669020839936,HydWatch,"<a href=""http://twitter.com/download/android"" rel=""nofollow"">Twitter for Android</a>",en
1200467678760251394,CityBos13222090,"<a href=""http://twitter.com/download/android"" rel=""nofollow"">Twitter for Android</a>",en
1200467739061522432,HRITHIKSAINI1,"<a href=""http://twitter.com/download/android"" rel=""nofollow"">Twitter for Android</a>",en
1200467820959563776,prajapatidili17,"<a href=""http://twitter.com/download/android"" rel=""nofollow"">Twitter for Android</a>",en
1200467930938531840,omprakashnaman,"<a href=""http://twitter.com/download/iphone"" rel=""nofollow"">Twitter for iPhone</a>",en
1200468099167748096,sunnykothiya95,"<a href=""http://twitter.com/download/android"" rel=""nofollow"">Twitter for Android</a>",en
1200468160064847873,imTej02,"<a href=""http://twitter.com/download/android"" rel=""nofollow"">Twitter for Android</a>",en
1200468360548372480,RustamMalik18,"<a href=""http://twitter.com/download/android"" rel=""nofollow"">Twitter for Android</a>",en
1200468463791362048,shvetanksaxena,"<a href=""http://twitter.com/download/iphone"" rel=""nofollow"">Twitter for iPhone</a>",en
1200468531378376704,GanasvaM,"<a href=""http://twitter.com/download/android"" rel=""nofollow"">Twitter for Android</a>",en
1200468619873767425,i_am_IBBU,"<a href=""http://twitter.com/download/android"" rel=""nofollow"">Twitter for Android</a>",en
1200468648424460288,KabakV,"<a href=""http://twitter.com/download/android"" rel=""nofollow"">Twitter for Android</a>",en
1200468755815395328,parvtyagi07,"<a href=""http://twitter.com/download/android"" rel=""nofollow"">Twitter for Android</a>",en
1200468830985678848,Anilharan3,"<a href=""https://mobile.twitter.com"" rel=""nofollow"">Twitter Web App</a>",en
1200468836085952512,aghormaya,"<a href=""http://twitter.com/download/android"" rel=""nofollow"">Twitter for Android</a>",en
1200468837830803457,90_Fury,"<a href=""http://twitter.com/download/android"" rel=""nofollow"">Twitter for Android</a>",en
1200468967850049536,sandeshk16,"<a href=""http://twitter.com/download/android"" rel=""nofollow"">Twitter for Android</a>",en
1200469132388585472,Kloptimistic,"<a href=""http://twitter.com/download/android"" rel=""nofollow"">Twitter for Android</a>",en
1200469164621565953,Nidhik20,"<a href=""http://twitter.com/download/iphone"" rel=""nofollow"">Twitter for iPhone</a>",en
1200469188701089792,Aravind10322577,"<a href=""http://twitter.com/download/android"" rel=""nofollow"">Twitter for Android</a>",en
1200469212029784065,VVasanti,"<a href=""http://twitter.com/download/android"" rel=""nofollow"">Twitter for Android</a>",en
1200469238416396288,omprakashnaman,"<a href=""http://twitter.com/download/iphone"" rel=""nofollow"">Twitter for iPhone</a>",en
1200469373825105921,nivas999999,"<a href=""http://twitter.com/download/android"" rel=""nofollow"">Twitter for Android</a>",en
1200469442985000960,babinpolitic,"<a href=""http://twitter.com/download/iphone"" rel=""nofollow"">Twitter for iPhone</a>",en
1200469452623466496,navodit29,"<a href=""http://twitter.com/download/android"" rel=""nofollow"">Twitter for Android</a>",en
1200469466561183744,UmerFarooq1159,"<a href=""https://mobile.twitter.com"" rel=""nofollow"">Twitter Web App</a>",en
1200469535872077824,girish_joshig,"<a href=""http://twitter.com/download/android"" rel=""nofollow"">Twitter for Android</a>",en
1200469642902306817,ajaychat55,"<a href=""http://twitter.com/download/android"" rel=""nofollow"">Twitter for Android</a>",en
1200469652071211009,blackghost_vs,"<a href=""http://twitter.com/download/android"" rel=""nofollow"">Twitter for Android</a>",en
1200469653782437888,Prashan48196003,"<a href=""http://twitter.com/download/android"" rel=""nofollow"">Twitter for Android</a>",en
1200469811035279360,SHOUKATBUTT11,"<a href=""http://twitter.com/download/android"" rel=""nofollow"">Twitter for Android</a>",en
1200469975267328000,Sunil85858,"<a href=""http://twitter.com/download/android"" rel=""nofollow"">Twitter for Android</a>",en
1200470098391093248,amitavamisra,"<a href=""http://twitter.com/download/android"" rel=""nofollow"">Twitter for Android</a>",en
1200470161079144448,Ubairkhan81,"<a href=""http://twitter.com/download/android"" rel=""nofollow"">Twitter for Android</a>",en
1200470263734792192,sunilkumar5956,"<a href=""http://twitter.com/download/android"" rel=""nofollow"">Twitter for Android</a>",en
1200470463362658304,MurthyNagadi,"<a href=""http://twitter.com/download/android"" rel=""nofollow"">Twitter for Android</a>",en
1200470560158863360,katy1949,"<a href=""http://twitter.com/download/android"" rel=""nofollow"">Twitter for Android</a>",en
1200470724613308416,ChhotaPappu1,"<a href=""http://twitter.com/download/android"" rel=""nofollow"">Twitter for Android</a>",en
1200470918666932225,ethicalman3,"<a href=""http://twitter.com/download/android"" rel=""nofollow"">Twitter for Android</a>",en
1200471042910642176,abhishek_ron,"<a href=""http://twitter.com/download/iphone"" rel=""nofollow"">Twitter for iPhone</a>",en
1200471413695533056,the_amarjsurin,"<a href=""http://www.facebook.com/twitter"" rel=""nofollow"">Facebook</a>",en
1200471424730710016,shahrukhashraf1,"<a href=""http://twitter.com/download/android"" rel=""nofollow"">Twitter for Android</a>",en
1200471524114747392,SunilKa69731933,"<a href=""http://twitter.com/download/android"" rel=""nofollow"">Twitter for Android</a>",en
1200471584370151424,stanley_47,"<a href=""http://twitter.com/download/android"" rel=""nofollow"">Twitter for Android</a>",en
1200471901446918145,NafilaIN,"<a href=""http://twitter.com/download/android"" rel=""nofollow"">Twitter for Android</a>",en
1200471926583349249,apdufil,"<a href=""http://twitter.com/download/iphone"" rel=""nofollow"">Twitter for iPhone</a>",en
1200471940076462080,ThePMOIndia,"<a href=""http://twitter.com/download/android"" rel=""nofollow"">Twitter for Android</a>",en
1200472031474544640,DV99999,"<a href=""http://twitter.com/download/android"" rel=""nofollow"">Twitter for Android</a>",en
1200472109656330241,DV99999,"<a href=""http://twitter.com/download/android"" rel=""nofollow"">Twitter for Android</a>",en
1200472181353766912,imasoom4u,"<a href=""http://twitter.com/download/android"" rel=""nofollow"">Twitter for Android</a>",en
1200472458152697856,raylonquadros,"<a href=""http://twitter.com/download/android"" rel=""nofollow"">Twitter for Android</a>",en
1200472516923252736,Iam_DevdasAltaf,"<a href=""http://twitter.com/download/android"" rel=""nofollow"">Twitter for Android</a>",en
1200472837439381504,Swagata428,"<a href=""http://twitter.com/download/android"" rel=""nofollow"">Twitter for Android</a>",en
1200472892582051840,jojomano12,"<a href=""https://mobile.twitter.com"" rel=""nofollow"">Twitter Web App</a>",en
1200472896155467776,realSantoshsoni,"<a href=""http://twitter.com/download/android"" rel=""nofollow"">Twitter for Android</a>",en
1200472960978575360,Raja_Africa,"<a href=""http://twitter.com/download/iphone"" rel=""nofollow"">Twitter for iPhone</a>",en
1200472964551987200,Manish_KSharma,"<a href=""http://twitter.com/download/android"" rel=""nofollow"">Twitter for Android</a>",en
1200472993568194560,BeenaPP1,"<a href=""http://twitter.com/download/android"" rel=""nofollow"">Twitter for Android</a>",en
1200473032197734400,sengar_krishan,"<a href=""http://twitter.com/download/android"" rel=""nofollow"">Twitter for Android</a>",en
1200473055832596480,ReadingSpree,"<a href=""https://mobile.twitter.com"" rel=""nofollow"">Twitter Web App</a>",en
1200473135436500993,RumiSiddiqui,"<a href=""http://twitter.com/download/iphone"" rel=""nofollow"">Twitter for iPhone</a>",en
1200473181015986176,Abhijee36092643,"<a href=""http://twitter.com/download/android"" rel=""nofollow"">Twitter for Android</a>",en
1200473205888233472,jojomano12,"<a href=""https://mobile.twitter.com"" rel=""nofollow"">Twitter Web App</a>",en
1200473367783997440,nitumalhotra2,"<a href=""http://twitter.com/download/iphone"" rel=""nofollow"">Twitter for iPhone</a>",en
1200473678414090241,roo_ptp,"<a href=""http://twitter.com/download/android"" rel=""nofollow"">Twitter for Android</a>",en
1200473768960774144,kanha123,"<a href=""http://twitter.com/download/iphone"" rel=""nofollow"">Twitter for iPhone</a>",en
1200473895775752194,ShamalShingte,"<a href=""http://twitter.com/download/android"" rel=""nofollow"">Twitter for Android</a>",en
1200474159710720002,AbhikGhosh3,"<a href=""http://twitter.com/download/android"" rel=""nofollow"">Twitter for Android</a>",en
1200474170812846080,Shreyas_0909,"<a href=""http://twitter.com/download/android"" rel=""nofollow"">Twitter for Android</a>",en
1200474287024402433,Vish_Hyd,"<a href=""http://twitter.com/download/android"" rel=""nofollow"">Twitter for Android</a>",en
1200474372621754370,DV99999,"<a href=""http://twitter.com/download/android"" rel=""nofollow"">Twitter for Android</a>",en
1200474411582705666,rabiiik527,"<a href=""https://mobile.twitter.com"" rel=""nofollow"">Twitter Web App</a>",en
1200474426132709376,alister1967,"<a href=""http://twitter.com/download/iphone"" rel=""nofollow"">Twitter for iPhone</a>",en
1200474562615377920,siva_tweets1,"<a href=""http://twitter.com/download/android"" rel=""nofollow"">Twitter for Android</a>",en
1200474566574764038,queerindia,"<a href=""http://twitter.com/download/iphone"" rel=""nofollow"">Twitter for iPhone</a>",en
1200474655842324481,jith1086,"<a href=""http://twitter.com/download/android"" rel=""nofollow"">Twitter for Android</a>",en
1200474753569456128,CreedHS,"<a href=""http://twitter.com/download/android"" rel=""nofollow"">Twitter for Android</a>",en
1200474813501980672,Cybergeek79,"<a href=""http://twitter.com/download/android"" rel=""nofollow"">Twitter for Android</a>",en
1200474823354249216,UrfatherVIKAS,"<a href=""https://mobile.twitter.com"" rel=""nofollow"">Twitter Web App</a>",en
1200474901016133632,sids27,"<a href=""http://twitter.com/download/android"" rel=""nofollow"">Twitter for Android</a>",en
1200475033790844928,kapilverma73,"<a href=""https://mobile.twitter.com"" rel=""nofollow"">Twitter Web App</a>",en
1200475083141070848,Santhosshetty13,"<a href=""http://twitter.com/download/iphone"" rel=""nofollow"">Twitter for iPhone</a>",en
1200475224569008128,akchaudh,"<a href=""https://mobile.twitter.com"" rel=""nofollow"">Twitter Web App</a>",en
1200475231233568768,OppressedHindu,"<a href=""http://twitter.com/download/android"" rel=""nofollow"">Twitter for Android</a>",en
1200475265974951937,subhaash11gmail,"<a href=""http://twitter.com/download/android"" rel=""nofollow"">Twitter for Android</a>",en
1200475391007178752,ajaychat55,"<a href=""http://twitter.com/download/android"" rel=""nofollow"">Twitter for Android</a>",en
1200475524054667264,nanditakhaire,"<a href=""https://mobile.twitter.com"" rel=""nofollow"">Twitter Web App</a>",en
1200475707924574208,krishnakant_75,"<a href=""http://twitter.com/download/android"" rel=""nofollow"">Twitter for Android</a>",en
1200475714392215552,KimClarkson17,"<a href=""https://mobile.twitter.com"" rel=""nofollow"">Twitter Web App</a>",en
1200475753877389319,nkk_123,"<a href=""http://twitter.com/download/android"" rel=""nofollow"">Twitter for Android</a>",en
1200476014805180416,amitgarhwal,"<a href=""http://twitter.com/download/android"" rel=""nofollow"">Twitter for Android</a>",en
1200476046698483712,SirDharmendraSa,"<a href=""http://twitter.com/download/android"" rel=""nofollow"">Twitter for Android</a>",en
1200476219772301312,girish_joshig,"<a href=""http://twitter.com/download/android"" rel=""nofollow"">Twitter for Android</a>",en
1200476238835601409,IndieGourmand,"<a href=""http://twitter.com/download/android"" rel=""nofollow"">Twitter for Android</a>",en
1200476336357134336,bharathbunny27,"<a href=""http://twitter.com/download/android"" rel=""nofollow"">Twitter for Android</a>",en
1200476336956985344,SumitRa90333993,"<a href=""https://mobile.twitter.com"" rel=""nofollow"">Twitter Web App</a>",en
1200476359249653760,SumitRa90333993,"<a href=""https://mobile.twitter.com"" rel=""nofollow"">Twitter Web App</a>",en
1200476361485217792,suzyagarwal,"<a href=""http://twitter.com/download/iphone"" rel=""nofollow"">Twitter for iPhone</a>",en
1200476511591006208,SumitRa90333993,"<a href=""https://mobile.twitter.com"" rel=""nofollow"">Twitter Web App</a>",en
1200476531920908289,UjjwalaDesai,"<a href=""https://mobile.twitter.com"" rel=""nofollow"">Twitter Web App</a>",en
1200476608236097536,suvhd,"<a href=""http://twitter.com/download/iphone"" rel=""nofollow"">Twitter for iPhone</a>",en
1200476655111659520,girimantu90,"<a href=""http://twitter.com/download/android"" rel=""nofollow"">Twitter for Android</a>",en
1200476665043750912,Common_Man_FAN,"<a href=""https://mobile.twitter.com"" rel=""nofollow"">Twitter Web App</a>",en
1200476693359669248,NarayananKtoi,"<a href=""https://timesofindia.indiatimes.com"" rel=""nofollow"">TOIBot</a>",en
1200476718474989568,akulupatil18,"<a href=""http://twitter.com/download/android"" rel=""nofollow"">Twitter for Android</a>",en
1200476723004862465,MedhiDeepkumar,"<a href=""http://twitter.com/download/android"" rel=""nofollow"">Twitter for Android</a>",en
1200476810980532224,b3aa24b2b859426,"<a href=""http://twitter.com/download/android"" rel=""nofollow"">Twitter for Android</a>",en
1200477116191531008,mohdafzalsyed,"<a href=""http://twitter.com/#!/download/ipad"" rel=""nofollow"">Twitter for iPad</a>",en
1200477246198177792,MedhiDeepkumar,"<a href=""http://twitter.com/download/android"" rel=""nofollow"">Twitter for Android</a>",en
1200477316163391488,MedhiDeepkumar,"<a href=""http://twitter.com/download/android"" rel=""nofollow"">Twitter for Android</a>",en
1200477318889836544,BandeKhuda,"<a href=""http://twitter.com/download/android"" rel=""nofollow"">Twitter for Android</a>",en
1200477409826549761,InnerVo22251335,"<a href=""http://twitter.com/#!/download/ipad"" rel=""nofollow"">Twitter for iPad</a>",en
1200477485286060032,RohitRa93128755,"<a href=""https://mobile.twitter.com"" rel=""nofollow"">Twitter Web App</a>",en
1200477503711674368,RohitRa93128755,"<a href=""https://mobile.twitter.com"" rel=""nofollow"">Twitter Web App</a>",en
1200477647307866113,RohitRa93128755,"<a href=""https://mobile.twitter.com"" rel=""nofollow"">Twitter Web App</a>",en
1200477843391537152,taxbricks,"<a href=""http://twitter.com/download/android"" rel=""nofollow"">Twitter for Android</a>",en
1200477865097060352,PrakashJuyal5,"<a href=""https://mobile.twitter.com"" rel=""nofollow"">Twitter Web App</a>",en
1200477885007462401,PrakashJuyal5,"<a href=""https://mobile.twitter.com"" rel=""nofollow"">Twitter Web App</a>",en
1200477916645085184,TaleofLyf,"<a href=""https://mobile.twitter.com"" rel=""nofollow"">Twitter Web App</a>",en
1200478257159651328,FCSJigarShah,"<a href=""https://mobile.twitter.com"" rel=""nofollow"">Twitter Web App</a>",en
1200478323123662848,mo_rehaz,"<a href=""http://twitter.com/download/android"" rel=""nofollow"">Twitter for Android</a>",en
1200478364135350273,SamikshaRana8,"<a href=""https://mobile.twitter.com"" rel=""nofollow"">Twitter Web App</a>",en
1200478382162464768,SamikshaRana8,"<a href=""https://mobile.twitter.com"" rel=""nofollow"">Twitter Web App</a>",en
1200478424457859072,Naripjain1,"<a href=""http://twitter.com/download/iphone"" rel=""nofollow"">Twitter for iPhone</a>",en
1200478442904416257,NitinKashyap14,"<a href=""http://twitter.com/download/android"" rel=""nofollow"">Twitter for Android</a>",en
1200478460176527360,Himansh72125945,"<a href=""http://twitter.com/download/android"" rel=""nofollow"">Twitter for Android</a>",en
1200478469848612864,shankar6763,"<a href=""http://twitter.com/download/android"" rel=""nofollow"">Twitter for Android</a>",en
1200478490069307392,SamikshaRana8,"<a href=""https://mobile.twitter.com"" rel=""nofollow"">Twitter Web App</a>",en
1200478503667302400,mccanand,"<a href=""http://twitter.com/download/android"" rel=""nofollow"">Twitter for Android</a>",en
1200478564501590016,SankaPadma,"<a href=""http://twitter.com/download/android"" rel=""nofollow"">Twitter for Android</a>",en
1200478682290122754,SurbhiRanjan6,"<a href=""https://mobile.twitter.com"" rel=""nofollow"">Twitter Web App</a>",en
1200478699075731456,SurbhiRanjan6,"<a href=""https://mobile.twitter.com"" rel=""nofollow"">Twitter Web App</a>",en
1200478713327915009,motormouthdoda,"<a href=""http://twitter.com/download/iphone"" rel=""nofollow"">Twitter for iPhone</a>",en
1200478791849525248,usahu0296,"<a href=""https://mobile.twitter.com"" rel=""nofollow"">Twitter Web App</a>",en
1200478803107074048,Shivrajput52,"<a href=""http://twitter.com/download/android"" rel=""nofollow"">Twitter for Android</a>",en
1200478826477707264,nicepk4u,"<a href=""http://twitter.com/download/android"" rel=""nofollow"">Twitter for Android</a>",en
1200479084658053120,genexxtgroup,"<a href=""http://twitter.com/download/android"" rel=""nofollow"">Twitter for Android</a>",en
1200479193437368320,palaash4srk,"<a href=""http://twitter.com/download/android"" rel=""nofollow"">Twitter for Android</a>",en
1200479228342362112,IamJunnu,"<a href=""http://twitter.com/download/iphone"" rel=""nofollow"">Twitter for iPhone</a>",en
1200479235858550784,sjrmk,"<a href=""http://twitter.com/download/iphone"" rel=""nofollow"">Twitter for iPhone</a>",en
1200479534681747456,04MANDISH,"<a href=""http://twitter.com/download/android"" rel=""nofollow"">Twitter for Android</a>",en
1200479759169228800,TheHansIndiaWeb,"<a href=""https://hocalwire.com"" rel=""nofollow"">Hocalwire Social Share</a>",en
1200479823954468864,Married2Martyr,"<a href=""http://twitter.com/download/android"" rel=""nofollow"">Twitter for Android</a>",en
1200479877415092224,ekauraamaadmi,"<a href=""https://mobile.twitter.com"" rel=""nofollow"">Twitter Web App</a>",en
1200480096177418240,amarendrabigb,"<a href=""http://twitter.com/download/android"" rel=""nofollow"">Twitter for Android</a>",en
1200480461706784768,indianlove1947,"<a href=""http://twitter.com/download/android"" rel=""nofollow"">Twitter for Android</a>",en
1200480692066324480,Antibhakt5,"<a href=""http://twitter.com/download/android"" rel=""nofollow"">Twitter for Android</a>",en
1200480714166112256,camsachinsawant,"<a href=""http://twitter.com/download/android"" rel=""nofollow"">Twitter for Android</a>",en
1200480741680766976,UpdatesFrequent,"<a href=""https://mobile.twitter.com"" rel=""nofollow"">Twitter Web App</a>",en
1200480788216721408,Harsha_ReddyP,"<a href=""http://twitter.com/download/android"" rel=""nofollow"">Twitter for Android</a>",en
1200480791328776193,bankim_jani,"<a href=""http://twitter.com/download/android"" rel=""nofollow"">Twitter for Android</a>",en
1200480950897070080,ardh_narishwar,"<a href=""http://twitter.com/download/android"" rel=""nofollow"">Twitter for Android</a>",en
1200481121034588161,otro_sm,"<a href=""http://twitter.com/download/android"" rel=""nofollow"">Twitter for Android</a>",en
1200481316287868928,Mohammedkhajas6,"<a href=""http://twitter.com/download/android"" rel=""nofollow"">Twitter for Android</a>",en
1200481336689082368,NikhilP72108560,"<a href=""http://twitter.com/download/android"" rel=""nofollow"">Twitter for Android</a>",en
1200481597339779072,DhamakedarLadki,"<a href=""http://twitter.com/download/iphone"" rel=""nofollow"">Twitter for iPhone</a>",en
1200481632840368128,PoppyMpf6666,"<a href=""http://twitter.com/download/android"" rel=""nofollow"">Twitter for Android</a>",en
1200481635403042816,SarahTitus0306,"<a href=""http://twitter.com/download/android"" rel=""nofollow"">Twitter for Android</a>",en
1200481768819703808,recent_facts,"<a href=""http://twitter.com/download/android"" rel=""nofollow"">Twitter for Android</a>",en
1200482045169827840,pdinakar,"<a href=""http://twitter.com/download/android"" rel=""nofollow"">Twitter for Android</a>",en
1200482071342247937,KPrawinn,"<a href=""http://twitter.com/download/android"" rel=""nofollow"">Twitter for Android</a>",en
1200482121162223616,Common_Man_FAN,"<a href=""https://mobile.twitter.com"" rel=""nofollow"">Twitter Web App</a>",en
1200482164825055232,MTA_1969,"<a href=""http://twitter.com/download/iphone"" rel=""nofollow"">Twitter for iPhone</a>",en
1200482274732433408,viraat_hinduu,"<a href=""http://twitter.com/download/android"" rel=""nofollow"">Twitter for Android</a>",en
1200482277534371842,KindianU,"<a href=""https://mobile.twitter.com"" rel=""nofollow"">Twitter Web App</a>",en
1200482299747266561,iamJasbirChahal,"<a href=""http://twitter.com/download/android"" rel=""nofollow"">Twitter for Android</a>",en
1200482410661654529,ramkrishnapand,"<a href=""http://twitter.com/download/android"" rel=""nofollow"">Twitter for Android</a>",en
1200482446791204864,aditya0484,"<a href=""http://twitter.com/download/android"" rel=""nofollow"">Twitter for Android</a>",en
1200482566341419008,DeveshAgrahari,"<a href=""https://mobile.twitter.com"" rel=""nofollow"">Twitter Web App</a>",en
1200482639875936256,kGXK9xV6h7rhzgv,"<a href=""http://twitter.com/download/android"" rel=""nofollow"">Twitter for Android</a>",en
1200482740803522560,anwarsadatsaad2,"<a href=""http://twitter.com/download/android"" rel=""nofollow"">Twitter for Android</a>",en
1200483168890937344,bachannaravi,"<a href=""https://mobile.twitter.com"" rel=""nofollow"">Twitter Web App</a>",en
1200483169109041152,Rahul43872914,"<a href=""http://twitter.com/download/android"" rel=""nofollow"">Twitter for Android</a>",en
1200483227581976577,tanveerjk1,"<a href=""http://twitter.com/download/android"" rel=""nofollow"">Twitter for Android</a>",en
1200483265536126976,satyenbaba,"<a href=""http://twitter.com/download/android"" rel=""nofollow"">Twitter for Android</a>",en
1200483313997078528,RD_BANA,"<a href=""http://twitter.com/download/iphone"" rel=""nofollow"">Twitter for iPhone</a>",en
1200483399124652032,pennewstweet,"<a href=""https://mobile.twitter.com"" rel=""nofollow"">Twitter Web App</a>",en
1200483476731940865,Impap21,"<a href=""https://mobile.twitter.com"" rel=""nofollow"">Twitter Web App</a>",en
1200483479722479616,IamAbdullah51,"<a href=""http://twitter.com/download/android"" rel=""nofollow"">Twitter for Android</a>",en
1200483489792921601,mannan2win,"<a href=""http://twitter.com/download/android"" rel=""nofollow"">Twitter for Android</a>",en
1200483537884856320,pennewstweet,"<a href=""https://mobile.twitter.com"" rel=""nofollow"">Twitter Web App</a>",en
1200483539210235904,pk2797,"<a href=""http://twitter.com/download/android"" rel=""nofollow"">Twitter for Android</a>",en
1200483721033347072,PeterPa86938365,"<a href=""https://mobile.twitter.com"" rel=""nofollow"">Twitter Web App</a>",en
1200483946657542144,vaibhavivchavan,"<a href=""http://twitter.com/download/android"" rel=""nofollow"">Twitter for Android</a>",en
1200484490453217281,jaisinghraghuva,"<a href=""http://twitter.com/download/android"" rel=""nofollow"">Twitter for Android</a>",en
1200484518164979712,SivakotiPawan,"<a href=""https://mobile.twitter.com"" rel=""nofollow"">Twitter Web App</a>",en
1200485132156563456,Vikasvikki92,"<a href=""http://twitter.com/download/android"" rel=""nofollow"">Twitter for Android</a>",en
1200485297957400576,najibfarooq,"<a href=""http://twitter.com/download/android"" rel=""nofollow"">Twitter for Android</a>",en
1200485321709948928,preetlangroya,"<a href=""http://twitter.com/download/iphone"" rel=""nofollow"">Twitter for iPhone</a>",en
1200485454824398848,vikpandey,"<a href=""http://twitter.com/download/android"" rel=""nofollow"">Twitter for Android</a>",en
1200485488622104576,Nirakari90,"<a href=""https://mobile.twitter.com"" rel=""nofollow"">Twitter Web App</a>",en
1200485550949486592,MubinSayed3,"<a href=""http://twitter.com/download/android"" rel=""nofollow"">Twitter for Android</a>",en
1200485743933526016,JaveedSbhyd,"<a href=""http://twitter.com/download/android"" rel=""nofollow"">Twitter for Android</a>",en
1200485887244525569,5TrillionBanana,"<a href=""http://twitter.com/download/android"" rel=""nofollow"">Twitter for Android</a>",en
1200486010079129601,Zulfichandiwala,"<a href=""http://twitter.com/download/android"" rel=""nofollow"">Twitter for Android</a>",en
1200486047664066561,SudhirPuthran,"<a href=""http://twitter.com/download/iphone"" rel=""nofollow"">Twitter for iPhone</a>",en
1200486109366501376,varun34by02,"<a href=""http://twitter.com/download/android"" rel=""nofollow"">Twitter for Android</a>",en
1200486725765795842,Infosureshom,"<a href=""https://mobile.twitter.com"" rel=""nofollow"">Twitter Web App</a>",en
1200486840299507713,kamran_mk01,"<a href=""http://twitter.com/download/android"" rel=""nofollow"">Twitter for Android</a>",en
1200486902589050880,Chaturvedisaty1,"<a href=""http://twitter.com/download/android"" rel=""nofollow"">Twitter for Android</a>",en
1200486923266969600,Chaturvedisaty1,"<a href=""http://twitter.com/download/android"" rel=""nofollow"">Twitter for Android</a>",en
1200486949858893824,MasterNorb,"<a href=""http://twitter.com/download/android"" rel=""nofollow"">Twitter for Android</a>",en
1200486972994641920,ALANKGF,"<a href=""http://twitter.com/download/android"" rel=""nofollow"">Twitter for Android</a>",en
1200487155245580288,Chaturvedisaty1,"<a href=""http://twitter.com/download/android"" rel=""nofollow"">Twitter for Android</a>",en
1200487155820183553,YZaidi18,"<a href=""http://twitter.com/download/android"" rel=""nofollow"">Twitter for Android</a>",en
1200487173113298944,Chaturvedisaty1,"<a href=""http://twitter.com/download/android"" rel=""nofollow"">Twitter for Android</a>",en
1200487263706050560,Chaturvedisaty1,"<a href=""http://twitter.com/download/android"" rel=""nofollow"">Twitter for Android</a>",en
1200487278935597056,Chaturvedisaty1,"<a href=""http://twitter.com/download/android"" rel=""nofollow"">Twitter for Android</a>",en
1200487293032660992,SachinSharma1_,"<a href=""http://twitter.com/download/android"" rel=""nofollow"">Twitter for Android</a>",en
1200487350960156672,PranitMungekar4,"<a href=""https://mobile.twitter.com"" rel=""nofollow"">Twitter Web App</a>",en
1200487351660597248,Chaturvedisaty1,"<a href=""http://twitter.com/download/android"" rel=""nofollow"">Twitter for Android</a>",en
1200487369574453253,Chaturvedisaty1,"<a href=""http://twitter.com/download/android"" rel=""nofollow"">Twitter for Android</a>",en
1200487402105495552,Chaturvedisaty1,"<a href=""http://twitter.com/download/android"" rel=""nofollow"">Twitter for Android</a>",en
1200487416454189056,Chaturvedisaty1,"<a href=""http://twitter.com/download/android"" rel=""nofollow"">Twitter for Android</a>",en
1200487457277349888,Chaturvedisaty1,"<a href=""http://twitter.com/download/android"" rel=""nofollow"">Twitter for Android</a>",en
1200487478047625216,tulika23anand,"<a href=""http://twitter.com/download/iphone"" rel=""nofollow"">Twitter for iPhone</a>",en
1200487478966140928,Chaturvedisaty1,"<a href=""http://twitter.com/download/android"" rel=""nofollow"">Twitter for Android</a>",en
1200487608037470208,ssevak33,"<a href=""http://twitter.com/download/android"" rel=""nofollow"">Twitter for Android</a>",en
1200487626479931393,gopal1308,"<a href=""http://twitter.com/download/android"" rel=""nofollow"">Twitter for Android</a>",en
1200487732532768770,fun6942,"<a href=""https://mobile.twitter.com"" rel=""nofollow"">Twitter Web App</a>",en
1200487998401343488,4d6acfb2e8764d8,"<a href=""http://twitter.com/download/android"" rel=""nofollow"">Twitter for Android</a>",en
1200488217515966464,sushil085,"<a href=""http://twitter.com/download/android"" rel=""nofollow"">Twitter for Android</a>",en
1200488302203162625,PranitMungekar4,"<a href=""https://mobile.twitter.com"" rel=""nofollow"">Twitter Web App</a>",en
